{
  "Lup": {
    "1": 3,
    "2": 6,
    "3": 5,
    "4": 6,
    "5": 3,
    "6": 5,
    "7": 4,
    "8": 4,
    "9": 3,
    "10": 5,
    "11": 3,
    "12": 3,
    "13": 5,
    "14": 5,
    "15": 4,
    "16": 6,
    "17": 5,
    "18": 4,
    "19": 3,
    "20": 3,
    "21": 4,
    "22": 6,
    "23": 4,
    "24": 3,
    "25": 6,
    "26": 4,
    "27": 5,
    "28": 3,
    "29": 4,
    "30": 6,
    "31": 4,
    "32": 6,
    "33": 3,
    "34": 6,
    "35": 5,
    "36": 6,
    "37": 3,
    "38": 5,
    "39": 6,
    "40": 5,
    "41": 3,
    "42": 4,
    "43": 4,
    "44": 5,
    "45": 4,
    "46": 5,
    "47": 6,
    "48": 4,
    "49": 5,
    "50": 3,
    "51": 6,
    "52": 5,
    "53": 6
  },
  "Ldown": {
    "1": 4,
    "2": 3,
    "3": 3,
    "4": 3,
    "5": 4,
    "6": 4,
    "7": 4,
    "8": 4,
    "9": 5,
    "10": 5,
    "11": 5,
    "12": 5,
    "13": 5,
    "14": 5,
    "15": 3,
    "16": 5,
    "17": 4,
    "18": 6,
    "19": 4,
    "20": 3,
    "21": 5,
    "22": 3,
    "23": 6,
    "24": 3,
    "25": 6,
    "26": 4,
    "27": 4,
    "28": 5,
    "29": 3,
    "30": 6,
    "31": 3,
    "32": 4,
    "33": 3,
    "34": 5,
    "35": 5,
    "36": 5,
    "37": 3,
    "38": 6,
    "39": 5,
    "40": 3,
    "41": 3,
    "42": 5,
    "43": 3,
    "44": 3,
    "45": 3,
    "46": 6,
    "47": 3,
    "48": 3,
    "49": 4,
    "50": 4,
    "51": 6,
    "52": 4,
    "53": 3
  },
  "Pmin": {
    "1": 20.0,
    "2": 20.0,
    "3": 20.0,
    "4": 20.0,
    "5": 110.0,
    "6": 37.0,
    "7": 20.0,
    "8": 20.0,
    "9": 20.0,
    "10": 20.0,
    "11": 64.0,
    "12": 82.80000000000001,
    "13": 20.0,
    "14": 21.400000000000002,
    "15": 20.0,
    "16": 20.0,
    "17": 20.0,
    "18": 20.0,
    "19": 20.0,
    "20": 23.8,
    "21": 60.800000000000004,
    "22": 29.6,
    "23": 20.0,
    "24": 20.0,
    "25": 51.0,
    "26": 52.0,
    "27": 20.0,
    "28": 98.2,
    "29": 98.4,
    "30": 20.0,
    "31": 20.0,
    "32": 20.0,
    "33": 20.0,
    "34": 20.0,
    "35": 20.0,
    "36": 115.4,
    "37": 20.0,
    "38": 20.8,
    "39": 141.4,
    "40": 20.0,
    "41": 20.0,
    "42": 20.0,
    "43": 20.0,
    "44": 70.4,
    "45": 28.0,
    "46": 20.0,
    "47": 20.0,
    "48": 20.0,
    "49": 20.0,
    "50": 27.200000000000003,
    "51": 20.0,
    "52": 20.0,
    "53": 20.0
  },
  "Pmax": {
    "1": 100.0,
    "2": 100.0,
    "3": 100.0,
    "4": 100.0,
    "5": 550.0,
    "6": 185.0,
    "7": 100.0,
    "8": 100.0,
    "9": 100.0,
    "10": 100.0,
    "11": 320.0,
    "12": 414.0,
    "13": 100.0,
    "14": 107.0,
    "15": 100.0,
    "16": 100.0,
    "17": 100.0,
    "18": 100.0,
    "19": 100.0,
    "20": 119.0,
    "21": 304.0,
    "22": 148.0,
    "23": 100.0,
    "24": 100.0,
    "25": 255.0,
    "26": 260.0,
    "27": 100.0,
    "28": 491.0,
    "29": 492.0,
    "30": 100.0,
    "31": 100.0,
    "32": 100.0,
    "33": 100.0,
    "34": 100.0,
    "35": 100.0,
    "36": 577.0,
    "37": 100.0,
    "38": 104.0,
    "39": 707.0,
    "40": 100.0,
    "41": 100.0,
    "42": 100.0,
    "43": 100.0,
    "44": 352.0,
    "45": 140.0,
    "46": 100.0,
    "47": 100.0,
    "48": 100.0,
    "49": 100.0,
    "50": 136.0,
    "51": 100.0,
    "52": 100.0,
    "53": 100.0
  },
  "Demand": [
    3260.04209759894,
    3349.657420547115,
    3446.9137993774057,
    3644.0784075343186,
    3904.8501912582806,
    4174.5602499067,
    4449.175454963133,
    4812.789852733231,
    5065.89254025625,
    5314.307938007808,
    5467.893703454511,
    5518.7106072264005,
    5562.455299911504,
    5462.61338650983,
    5300.860312816677,
    5099.36301956243,
    4796.903631912526,
    4478.268040522612,
    4199.864477547554,
    3859.549478512958,
    3659.7262166143964,
    3424.9109862828336,
    3299.878586612171,
    3257.1874022199204
  ],
  "Reserve": [
    391.20505171187284,
    401.95889046565355,
    413.6296559252888,
    437.28940890411815,
    468.5820229509943,
    500.94722998880366,
    533.9010545955759,
    577.5347823279882,
    607.90710483075,
    637.7169525609368,
    656.1472444145413,
    662.2452728671675,
    667.4946359893802,
    655.5136063811798,
    636.1032375380012,
    611.9235623474913,
    575.6284358295029,
    537.3921648627137,
    503.9837373057069,
    463.14593742155483,
    439.167145993727,
    410.9893183539398,
    395.9854303934611,
    390.8624882663906
  ],
  "times": [
    1,
    2,
    3,
    4,
    5,
    6,
    7,
    8,
    9,
    10,
    11,
    12,
    13,
    14,
    15,
    16,
    17,
    18,
    19,
    20,
    21,
    22,
    23,
    24
  ],
  "buses": [
    1,
    2,
    3,
    4,
    5,
    6,
    7,
    8,
    9,
    10,
    11,
    12,
    13,
    14,
    15,
    16,
    17,
    18,
    19,
    20,
    21,
    22,
    23,
    24,
    25,
    26,
    27,
    28,
    29,
    30,
    31,
    32,
    33,
    34,
    35,
    36,
    37,
    38,
    39,
    40,
    41,
    42,
    43,
    44,
    45,
    46,
    47,
    48,
    49,
    50,
    51,
    52,
    53,
    54,
    55,
    56,
    57,
    58,
    59,
    60,
    61,
    62,
    63,
    64,
    65,
    66,
    67,
    68,
    69,
    70,
    71,
    72,
    73,
    74,
    75,
    76,
    77,
    78,
    79,
    80,
    81,
    82,
    83,
    84,
    85,
    86,
    87,
    88,
    89,
    90,
    91,
    92,
    93,
    94,
    95,
    96,
    97,
    98,
    99,
    100,
    101,
    102,
    103,
    104,
    105,
    106,
    107,
    108,
    109,
    110,
    111,
    112,
    113,
    114,
    115,
    116,
    117,
    118
  ],
  "n_scenarios": 5,
  "n_generators": 53,
  "total_capacity": 9161.0,
  "note": "Copper-plate stochastic UC (no enforceable transmission constraints).",
  "feasibility_screen": {
    "solver": "scip",
    "status": "ok",
    "termination": "maxTimeLimit"
  },
  "has_solution": true,
  "slack_summary": {
    "load_shed": -1.4711311538407816e-12,
    "spill": 0.0,
    "reserve_short": 0.0
  }
}